time,c,psiposmax,psiposmin,strainxxmax,strainxxmin,strainxymax,strainxymin,strainyymax,strainyymin,stressxxmax,stressxxmin,stressxymax,stressxymin,stressyymax,stressyymin
0,0,0,0,0,0,0,0,0,0,0,0,0,0,0,0
100,0.017290451586084,0.062356612876212,4.8660543088723e-07,0.023607446901853,-0.0031550621645912,0.0043556010297539,-0.020704656321489,0.039204819332901,-0.0043160580628658,0.027506385512902,-0.001587450570611,0.0080628612932218,-0.010886673312778,0.023665811472963,-0.0046911561170056
200,0.028459619288387,0.01543464344387,4.9839214766109e-07,0.026359863486894,-8.5064025407214e-06,0.0031328099183104,-0.014245137190465,0.0084508774795311,-0.0031026196134592,0.023661973103368,-0.0079658870480567,0.0051036051616115,-0.008701416824902,0.010989692316488,-0.013792611806068
300,0.053342285876926,0.015055256743629,2.1073346560044e-06,0.02689719853708,0.0004295937576257,0.0024589346973642,-0.0065967446900279,0.0022303703700219,-0.0043415241343244,0.026050941859491,-0.0015744068966351,0.0051461868647134,-0.0072049067151974,0.0070863205153311,-0.019522854580885
400,0.094442779654295,0.01939718027016,9.3114830554178e-06,0.03183738175312,0.0023148437276996,0.0037083355253801,-0.015327761914276,0.0036416276164894,-0.0071088877801329,0.036039052209557,-0.0037784901448097,0.006824289240658,-0.0070296987292725,0.0053942668617272,-0.011642634268735
500,0.16075125854364,0.21841226287185,3.7259600273579e-06,0.10370382521057,0.0013683658473241,0.0071193641708651,-0.023257968395363,0.006558982911599,-0.0089956107817541,0.05280416785,-0.0049085237803275,0.013496224881279,-0.017478893979268,0.012228887678436,-0.022033077554694
