time,c,psiposmax,psiposmin,strainxxmax,strainxxmin,strainxymax,strainxymin,strainyymax,strainyymin,stressxxmax,stressxxmin,stressxymax,stressxymin,stressyymax,stressyymin
0,0,0,0,0,0,0,0,0,0,0,0,0,0,0,0
100,0.021429405124285,0.020192798428899,1.0195327423952e-07,0.014780281975045,-0.0010312265190661,0.0039329440150671,-0.0075031384336705,0.015949857310702,-0.0022537446879728,0.041404390629238,0.0010774329377057,0.0040387634827733,-0.0056027124970953,0.037029282028352,-0.002368542723376
200,0.036039854803127,0.33389941595968,7.6878884926115e-09,0.044969384772998,-0.0018713641907726,0.004532966798817,-0.053438806431914,0.084251845250565,-0.0056172102960756,0.029513981277651,-0.012702020340106,0.01444817562323,-0.011570911828514,0.015735826054953,-0.026314787971064
300,0.06170613219381,0.010860317802737,1.8187267555943e-06,0.024852645077234,0.00064301806397961,0.0016922732383217,-0.0080107921410322,0.0017286545116368,-0.0051815813722127,0.038968721844713,-0.012648189179175,0.0053229768335233,-0.0081359801940016,0.019826297011493,-0.022829442891008
400,0.10731070677988,0.019872047787785,1.7631933730396e-06,0.030171717708777,0.00074550473885306,0.0029826143190328,-0.011091154673995,0.0027479711487187,-0.005301602152217,0.03400925103173,-0.0019576870374686,0.0053770047583238,-0.0098423258333072,0.0063129754436026,-0.016651178603976
500,0.16725984854784,0.07671905029335,7.0887155704129e-06,0.062551984301834,0.0019741070637579,0.0052701547207302,-0.023472409299448,0.011147866381062,-0.0086782770580891,0.042884299039028,-0.0055197140557463,0.0096055546189608,-0.0090501840928834,0.0059693859433128,-0.020073424467394
600,0.25493036077123,0.25483008395238,1.0987747379863e-05,0.11330388149079,0.0024513578942608,0.008819492220508,-0.015261747977388,-0.00063741738891648,-0.0094251724930155,0.052097493904215,-0.0049443872234679,0.014425212878173,-0.013082062497909,0.011658014047183,-0.022335624270865
