time,c,psiposmax,psiposmin,strainxxmax,strainxxmin,strainxymax,strainxymin,strainyymax,strainyymin,stressxxmax,stressxxmin,stressxymax,stressxymin,stressyymax,stressyymin
0,0,0,0,0,0,0,0,0,0,0,0,0,0,0,0
100,0.017251014914343,0.066745261429911,1.7745595269619e-07,0.014046669186305,-0.0044913340629694,0.0054065495253133,-0.019303341128735,0.047445511329027,-0.0030755462252874,0.017622168641455,-0.0042906585208997,0.0089414647159403,-0.011598179663772,0.03506353030858,-0.0009953378461343
200,0.027975236177404,0.035156648801732,4.278732376368e-07,0.0025319224080382,-0.0039323169750975,0.0039921104469822,-0.011442052524826,0.040400948848114,0.00028297499156852,0.011316297350295,-0.017179013520508,0.0061454100192835,-0.0061703102433761,0.025762350479539,-0.0017064863210809
300,0.052537625578756,0.021556229796024,2.105044564112e-06,0.00025305659476042,-0.0047884361465037,0.0033598138746683,-0.0058479643479757,0.032272715583245,0.0010483614113763,0.0048747254616443,-0.012773000843998,0.0060503733965147,-0.0070558346915368,0.027278402831455,-9.3995531033697e-05
400,0.092138954146026,0.05594426980517,3.7078591447524e-06,-0.0014226632017878,-0.0076384753110921,0.0051989533002465,-0.014513207854645,0.051555481753636,0.0014515259808158,0.0079474376633174,-0.016348236144489,0.0093357344143514,-0.0082540188332264,0.042747953943692,-0.00069276212027902
500,0.15513110968907,0.18555617211337,4.6735335600059e-06,-0.00074095426325732,-0.0098109668011943,0.0078445721613146,-0.016376544763199,0.095848772453688,0.0015954336701881,0.019436998905742,-0.020302467820095,0.013089364633052,-0.015847476475176,0.063311725312057,-0.0010660283127105
